{
  "fine_tuned": {
    "adversarial": {
      "format_compliance": 100.0,
      "reasoning_quality": 8.0,
      "response_quality": 9.0,
      "reflection_depth": 7.0,
      "sample_count": 1,
      "bleu": 0.01319886047791133,
      "rouge1": 0.24477861319966585,
      "rouge2": 0.020202020202020204,
      "rougeL": 0.17794486215538843,
      "meteor": 0.09859144719563961,
      "bert_score_precision": 0.15992356836795807,
      "bert_score_recall": 0.018259959295392036,
      "bert_score_f1": 0.0895717665553093,
      "semantic_similarity": 0.3515256146589915
    },
    "emotional_support": {
      "format_compliance": 100.0,
      "reasoning_quality": 8.0,
      "response_quality": 8.0,
      "reflection_depth": 6.5,
      "sample_count": 2,
      "bleu": 0.04174293870519391,
      "rouge1": 0.2952588442784521,
      "rouge2": 0.10657051282051283,
      "rougeL": 0.2539423176678079,
      "meteor": 0.22622440906497954,
      "bert_score_precision": 0.325298935174942,
      "bert_score_recall": 0.1954866461455822,
      "bert_score_f1": 0.2600283920764923,
      "semantic_similarity": 0.44988259176413214
    },
    "practical_advice": {
      "format_compliance": 100.0,
      "reasoning_quality": 7.0,
      "response_quality": 6.0,
      "reflection_depth": 8.0,
      "sample_count": 1,
      "bleu": 0.01720067346666895,
      "rouge1": 0.14231101245529656,
      "rouge2": 0.013605442176870748,
      "rougeL": 0.10358860525342213,
      "meteor": 0.13360631417852975,
      "bert_score_precision": 0.15321046113967896,
      "bert_score_recall": 0.18394939601421356,
      "bert_score_f1": 0.16988538205623627,
      "semantic_similarity": 0.2631167024374008
    },
    "philosophical": {
      "format_compliance": 100.0,
      "reasoning_quality": 7.0,
      "response_quality": 6.0,
      "reflection_depth": 8.0,
      "sample_count": 1,
      "bleu": 0.026914406888417022,
      "rouge1": 0.3075980392156863,
      "rouge2": 0.020833333333333332,
      "rougeL": 0.1825980392156863,
      "meteor": 0.18568647943579583,
      "bert_score_precision": 0.2263820320367813,
      "bert_score_recall": 0.10318352282047272,
      "bert_score_f1": 0.16539421677589417,
      "semantic_similarity": 0.37864449620246887
    },
    "general": {
      "format_compliance": 0,
      "reasoning_quality": 0,
      "response_quality": 0,
      "reflection_depth": 0,
      "sample_count": 0,
      "bleu": 0,
      "rouge1": 0,
      "rouge2": 0,
      "rougeL": 0,
      "meteor": 0,
      "bert_score_precision": 0,
      "bert_score_recall": 0,
      "bert_score_f1": 0,
      "semantic_similarity": 0
    }
  },
  "baseline": {
    "adversarial": {
      "format_compliance": 0.0,
      "reasoning_quality": 0.0,
      "response_quality": 0.0,
      "reflection_depth": 0.0,
      "sample_count": 1,
      "bleu": 0.0,
      "rouge1": 0.0,
      "rouge2": 0.0,
      "rougeL": 0.0,
      "meteor": 0.0,
      "bert_score_precision": 0.0,
      "bert_score_recall": 0.0,
      "bert_score_f1": 0.0,
      "semantic_similarity": 0.0
    },
    "emotional_support": {
      "format_compliance": 0.0,
      "reasoning_quality": 0.0,
      "response_quality": 0.0,
      "reflection_depth": 0.0,
      "sample_count": 2,
      "bleu": 0.0,
      "rouge1": 0.0,
      "rouge2": 0.0,
      "rougeL": 0.0,
      "meteor": 0.0,
      "bert_score_precision": 0.0,
      "bert_score_recall": 0.0,
      "bert_score_f1": 0.0,
      "semantic_similarity": 0.0
    },
    "practical_advice": {
      "format_compliance": 0.0,
      "reasoning_quality": 0.0,
      "response_quality": 0.0,
      "reflection_depth": 0.0,
      "sample_count": 1,
      "bleu": 0.0,
      "rouge1": 0.0,
      "rouge2": 0.0,
      "rougeL": 0.0,
      "meteor": 0.0,
      "bert_score_precision": 0.0,
      "bert_score_recall": 0.0,
      "bert_score_f1": 0.0,
      "semantic_similarity": 0.0
    },
    "philosophical": {
      "format_compliance": 0.0,
      "reasoning_quality": 0.0,
      "response_quality": 0.0,
      "reflection_depth": 0.0,
      "sample_count": 1,
      "bleu": 0.0,
      "rouge1": 0.0,
      "rouge2": 0.0,
      "rougeL": 0.0,
      "meteor": 0.0,
      "bert_score_precision": 0.0,
      "bert_score_recall": 0.0,
      "bert_score_f1": 0.0,
      "semantic_similarity": 0.0
    },
    "general": {
      "format_compliance": 0,
      "reasoning_quality": 0,
      "response_quality": 0,
      "reflection_depth": 0,
      "sample_count": 0,
      "bleu": 0,
      "rouge1": 0,
      "rouge2": 0,
      "rougeL": 0,
      "meteor": 0,
      "bert_score_precision": 0,
      "bert_score_recall": 0,
      "bert_score_f1": 0,
      "semantic_similarity": 0
    }
  }
}