{
  "fine_tuned": {
    "adversarial": {
      "format_compliance": 100.0,
      "reasoning_quality": 4.777777777777778,
      "response_quality": 3.7777777777777777,
      "reflection_depth": 5.555555555555555,
      "sample_count": 9,
      "bleu": 0.020315549427170308,
      "rouge1": 0.17276503879610625,
      "rouge2": 0.01533594017254148,
      "rougeL": 0.12163394775353968,
      "meteor": 0.10864947924277248,
      "bert_score_precision": 0.1665928292916053,
      "bert_score_recall": 0.06507805238167445,
      "bert_score_f1": 0.11664386383361286,
      "semantic_similarity": 0.2617494303871084
    },
    "emotional_support": {
      "format_compliance": 100.0,
      "reasoning_quality": 8.0,
      "response_quality": 8.0,
      "reflection_depth": 7.166666666666667,
      "sample_count": 12,
      "bleu": 0.0625174887022474,
      "rouge1": 0.27759489810827914,
      "rouge2": 0.08004535384949114,
      "rougeL": 0.21444837073182066,
      "meteor": 0.20450154195095624,
      "bert_score_precision": 0.2899507340043783,
      "bert_score_recall": 0.19097764076044163,
      "bert_score_f1": 0.2409754153341055,
      "semantic_similarity": 0.4011026306284799
    },
    "practical_advice": {
      "format_compliance": 100.0,
      "reasoning_quality": 7.333333333333333,
      "response_quality": 6.416666666666667,
      "reflection_depth": 7.416666666666667,
      "sample_count": 12,
      "bleu": 0.03830655851572783,
      "rouge1": 0.21005052324086396,
      "rouge2": 0.042641386643848235,
      "rougeL": 0.15806089330049763,
      "meteor": 0.15591214564600328,
      "bert_score_precision": 0.21862266585230827,
      "bert_score_recall": 0.15365294087678194,
      "bert_score_f1": 0.18703428221245608,
      "semantic_similarity": 0.42011892133288925
    },
    "philosophical": {
      "format_compliance": 100.0,
      "reasoning_quality": 7.222222222222222,
      "response_quality": 6.888888888888889,
      "reflection_depth": 7.555555555555555,
      "sample_count": 9,
      "bleu": 0.043273957534220725,
      "rouge1": 0.2399946830374154,
      "rouge2": 0.04443672384914631,
      "rougeL": 0.1784621875454102,
      "meteor": 0.16098445273845352,
      "bert_score_precision": 0.1881423940261205,
      "bert_score_recall": 0.11813505516491002,
      "bert_score_f1": 0.15418172337942654,
      "semantic_similarity": 0.35777294415014765
    },
    "general": {
      "format_compliance": 100.0,
      "reasoning_quality": 8.0,
      "response_quality": 8.0,
      "reflection_depth": 7.625,
      "sample_count": 8,
      "bleu": 0.05449414355028852,
      "rouge1": 0.27866539737219276,
      "rouge2": 0.08084403716196178,
      "rougeL": 0.2245829722293961,
      "meteor": 0.20481481239518856,
      "bert_score_precision": 0.30032601580023766,
      "bert_score_recall": 0.22841144306585193,
      "bert_score_f1": 0.2651933403685689,
      "semantic_similarity": 0.4348101007441679
    }
  },
  "baseline": {
    "adversarial": {
      "format_compliance": 0.0,
      "reasoning_quality": 0.0,
      "response_quality": 0.0,
      "reflection_depth": 0.0,
      "sample_count": 9,
      "bleu": 0.0,
      "rouge1": 0.0,
      "rouge2": 0.0,
      "rougeL": 0.0,
      "meteor": 0.0,
      "bert_score_precision": 0.0,
      "bert_score_recall": 0.0,
      "bert_score_f1": 0.0,
      "semantic_similarity": 0.0
    },
    "emotional_support": {
      "format_compliance": 0.0,
      "reasoning_quality": 0.0,
      "response_quality": 0.0,
      "reflection_depth": 0.0,
      "sample_count": 12,
      "bleu": 0.0,
      "rouge1": 0.0,
      "rouge2": 0.0,
      "rougeL": 0.0,
      "meteor": 0.0,
      "bert_score_precision": 0.0,
      "bert_score_recall": 0.0,
      "bert_score_f1": 0.0,
      "semantic_similarity": 0.0
    },
    "practical_advice": {
      "format_compliance": 0.0,
      "reasoning_quality": 0.0,
      "response_quality": 0.0,
      "reflection_depth": 0.0,
      "sample_count": 12,
      "bleu": 0.0,
      "rouge1": 0.0,
      "rouge2": 0.0,
      "rougeL": 0.0,
      "meteor": 0.0,
      "bert_score_precision": 0.0,
      "bert_score_recall": 0.0,
      "bert_score_f1": 0.0,
      "semantic_similarity": 0.0
    },
    "philosophical": {
      "format_compliance": 0.0,
      "reasoning_quality": 0.0,
      "response_quality": 0.0,
      "reflection_depth": 0.0,
      "sample_count": 9,
      "bleu": 0.0,
      "rouge1": 0.0,
      "rouge2": 0.0,
      "rougeL": 0.0,
      "meteor": 0.0,
      "bert_score_precision": 0.0,
      "bert_score_recall": 0.0,
      "bert_score_f1": 0.0,
      "semantic_similarity": 0.0
    },
    "general": {
      "format_compliance": 0.0,
      "reasoning_quality": 0.0,
      "response_quality": 0.0,
      "reflection_depth": 0.0,
      "sample_count": 8,
      "bleu": 0.0,
      "rouge1": 0.0,
      "rouge2": 0.0,
      "rougeL": 0.0,
      "meteor": 0.0,
      "bert_score_precision": 0.0,
      "bert_score_recall": 0.0,
      "bert_score_f1": 0.0,
      "semantic_similarity": 0.0
    }
  }
}