{
  "fine_tuned": {
    "adversarial": {
      "format_compliance": 88.88888888888889,
      "reasoning_quality": 5.888888888888889,
      "response_quality": 6.444444444444445,
      "reflection_depth": 5.777777777777778,
      "sample_count": 9,
      "bleu": 0.015494606820889914,
      "rouge1": 0.16408076820292156,
      "rouge2": 0.01765534272885942,
      "rougeL": 0.1096425026918552,
      "meteor": 0.11230213851634055,
      "bert_score_precision": 0.12765489021937051,
      "bert_score_recall": 0.03809422751267751,
      "bert_score_f1": 0.08340971420208614,
      "semantic_similarity": 0.24582190701255094
    },
    "emotional_support": {
      "format_compliance": 100.0,
      "reasoning_quality": 8.083333333333334,
      "response_quality": 7.75,
      "reflection_depth": 7.25,
      "sample_count": 12,
      "bleu": 0.09628891655814857,
      "rouge1": 0.28873183854492407,
      "rouge2": 0.1270878868526272,
      "rougeL": 0.2364039324063625,
      "meteor": 0.2294215430630513,
      "bert_score_precision": 0.32719894250233966,
      "bert_score_recall": 0.22898299805819988,
      "bert_score_f1": 0.2785455485184987,
      "semantic_similarity": 0.4596913490030501
    },
    "practical_advice": {
      "format_compliance": 58.333333333333336,
      "reasoning_quality": 4.416666666666667,
      "response_quality": 4.0,
      "reflection_depth": 4.5,
      "sample_count": 12,
      "bleu": 0.011235215615312766,
      "rouge1": 0.11422176145209517,
      "rouge2": 0.01183072607491212,
      "rougeL": 0.07528261294977141,
      "meteor": 0.07190699910480164,
      "bert_score_precision": 0.14547671750187874,
      "bert_score_recall": 0.09274658715973298,
      "bert_score_f1": 0.11957972993453343,
      "semantic_similarity": 0.258915734787782
    },
    "philosophical": {
      "format_compliance": 44.44444444444444,
      "reasoning_quality": 3.3333333333333335,
      "response_quality": 3.3333333333333335,
      "reflection_depth": 3.3333333333333335,
      "sample_count": 9,
      "bleu": 0.011736014198101616,
      "rouge1": 0.08273393890684083,
      "rouge2": 0.006613756613756613,
      "rougeL": 0.055557904191203815,
      "meteor": 0.07059633238441404,
      "bert_score_precision": 0.08654929531945123,
      "bert_score_recall": 0.07330088482962714,
      "bert_score_f1": 0.08047493795553844,
      "semantic_similarity": 0.14553606179025438
    },
    "general": {
      "format_compliance": 100.0,
      "reasoning_quality": 7.75,
      "response_quality": 7.75,
      "reflection_depth": 7.25,
      "sample_count": 8,
      "bleu": 0.05733999863932262,
      "rouge1": 0.24861578506001514,
      "rouge2": 0.06127417031434888,
      "rougeL": 0.20455815849621029,
      "meteor": 0.18722581525230486,
      "bert_score_precision": 0.2429529670625925,
      "bert_score_recall": 0.198376091895625,
      "bert_score_f1": 0.22171640628948808,
      "semantic_similarity": 0.41313039387265843
    }
  },
  "baseline": {
    "adversarial": {
      "format_compliance": 0.0,
      "reasoning_quality": 0.0,
      "response_quality": 0.0,
      "reflection_depth": 0.0,
      "sample_count": 9,
      "bleu": 0.0,
      "rouge1": 0.0,
      "rouge2": 0.0,
      "rougeL": 0.0,
      "meteor": 0.0,
      "bert_score_precision": 0.0,
      "bert_score_recall": 0.0,
      "bert_score_f1": 0.0,
      "semantic_similarity": 0.0
    },
    "emotional_support": {
      "format_compliance": 0.0,
      "reasoning_quality": 0.0,
      "response_quality": 0.0,
      "reflection_depth": 0.0,
      "sample_count": 12,
      "bleu": 0.0,
      "rouge1": 0.0,
      "rouge2": 0.0,
      "rougeL": 0.0,
      "meteor": 0.0,
      "bert_score_precision": 0.0,
      "bert_score_recall": 0.0,
      "bert_score_f1": 0.0,
      "semantic_similarity": 0.0
    },
    "practical_advice": {
      "format_compliance": 0.0,
      "reasoning_quality": 0.0,
      "response_quality": 0.0,
      "reflection_depth": 0.0,
      "sample_count": 12,
      "bleu": 0.0,
      "rouge1": 0.0,
      "rouge2": 0.0,
      "rougeL": 0.0,
      "meteor": 0.0,
      "bert_score_precision": 0.0,
      "bert_score_recall": 0.0,
      "bert_score_f1": 0.0,
      "semantic_similarity": 0.0
    },
    "philosophical": {
      "format_compliance": 0.0,
      "reasoning_quality": 0.0,
      "response_quality": 0.0,
      "reflection_depth": 0.0,
      "sample_count": 9,
      "bleu": 0.0,
      "rouge1": 0.0,
      "rouge2": 0.0,
      "rougeL": 0.0,
      "meteor": 0.0,
      "bert_score_precision": 0.0,
      "bert_score_recall": 0.0,
      "bert_score_f1": 0.0,
      "semantic_similarity": 0.0
    },
    "general": {
      "format_compliance": 0.0,
      "reasoning_quality": 0.0,
      "response_quality": 0.0,
      "reflection_depth": 0.0,
      "sample_count": 8,
      "bleu": 0.0,
      "rouge1": 0.0,
      "rouge2": 0.0,
      "rougeL": 0.0,
      "meteor": 0.0,
      "bert_score_precision": 0.0,
      "bert_score_recall": 0.0,
      "bert_score_f1": 0.0,
      "semantic_similarity": 0.0
    }
  }
}