{
  "fine_tuned": {
    "format_compliance": 78.0,
    "reasoning_quality": 5.9,
    "response_quality": 5.82,
    "reflection_depth": 5.62,
    "response_time": 2.774850368499756,
    "bleu": 0.039881703287340815,
    "rouge1": 0.18091403688864427,
    "rouge2": 0.04751277223457615,
    "rougeL": 0.1372701494838164,
    "meteor": 0.13519670532278932,
    "bert_score_precision": 0.19087138652801514,
    "bert_score_recall": 0.12900639537721872,
    "bert_score_f1": 0.16052392922341824,
    "semantic_similarity": 0.30901099751392996
  },
  "baseline": {
    "format_compliance": 0.0,
    "reasoning_quality": 0.0,
    "response_quality": 0.0,
    "reflection_depth": 0.0,
    "response_time": 6.234282708168029,
    "bleu": 0.0,
    "rouge1": 0.0,
    "rouge2": 0.0,
    "rougeL": 0.0,
    "meteor": 0.0,
    "bert_score_precision": 0.0,
    "bert_score_recall": 0.0,
    "bert_score_f1": 0.0,
    "semantic_similarity": 0.0
  }
}