{
  "fine_tuned": {
    "format_compliance": 100.0,
    "reasoning_quality": 7.12,
    "response_quality": 6.66,
    "reflection_depth": 7.08,
    "response_time": 2.6862314414978026,
    "bleu": 0.0443629455534106,
    "rouge1": 0.2359181146333791,
    "rouge2": 0.05313894318821914,
    "rougeL": 0.17935280327827072,
    "meteor": 0.16780376276312114,
    "bert_score_precision": 0.23396211869083344,
    "bert_score_recall": 0.15223552984185518,
    "bert_score_f1": 0.1939018675684929,
    "semantic_similarity": 0.37817681600650155
  },
  "baseline": {
    "format_compliance": 0.0,
    "reasoning_quality": 0.0,
    "response_quality": 0.0,
    "reflection_depth": 0.0,
    "response_time": 45.66490532875061,
    "bleu": 0.0,
    "rouge1": 0.0,
    "rouge2": 0.0,
    "rougeL": 0.0,
    "meteor": 0.0,
    "bert_score_precision": 0.0,
    "bert_score_recall": 0.0,
    "bert_score_f1": 0.0,
    "semantic_similarity": 0.0
  }
}